<annotation>
	<folder>non_workers</folder>
	<filename>applauding_083.jpg</filename>
	<path>D:\Workspace\YOLO_annotation\dataset_images\non_workers\applauding_083.jpg</path>
	<source>
		<database>Unknown</database>
	</source>
	<size>
		<width>835</width>
		<height>600</height>
		<depth>3</depth>
	</size>
	<segmented>0</segmented>
	<object>
		<name>person without helmet</name>
		<pose>Unspecified</pose>
		<truncated>0</truncated>
		<difficult>0</difficult>
		<bndbox>
			<xmin>72</xmin>
			<ymin>94</ymin>
			<xmax>337</xmax>
			<ymax>542</ymax>
		</bndbox>
	</object>
	<object>
		<name>person without helmet</name>
		<pose>Unspecified</pose>
		<truncated>0</truncated>
		<difficult>0</difficult>
		<bndbox>
			<xmin>347</xmin>
			<ymin>67</ymin>
			<xmax>503</xmax>
			<ymax>344</ymax>
		</bndbox>
	</object>
	<object>
		<name>person without helmet</name>
		<pose>Unspecified</pose>
		<truncated>0</truncated>
		<difficult>0</difficult>
		<bndbox>
			<xmin>546</xmin>
			<ymin>56</ymin>
			<xmax>748</xmax>
			<ymax>419</ymax>
		</bndbox>
	</object>
</annotation>
