<annotation>
	<folder>non_workers</folder>
	<filename>applauding_025.jpg</filename>
	<path>D:\Workspace\YOLO_annotation\dataset_images\non_workers\applauding_025.jpg</path>
	<source>
		<database>Unknown</database>
	</source>
	<size>
		<width>802</width>
		<height>600</height>
		<depth>3</depth>
	</size>
	<segmented>0</segmented>
	<object>
		<name>person without helmet</name>
		<pose>Unspecified</pose>
		<truncated>1</truncated>
		<difficult>0</difficult>
		<bndbox>
			<xmin>142</xmin>
			<ymin>124</ymin>
			<xmax>409</xmax>
			<ymax>600</ymax>
		</bndbox>
	</object>
	<object>
		<name>person without helmet</name>
		<pose>Unspecified</pose>
		<truncated>1</truncated>
		<difficult>0</difficult>
		<bndbox>
			<xmin>484</xmin>
			<ymin>57</ymin>
			<xmax>781</xmax>
			<ymax>600</ymax>
		</bndbox>
	</object>
</annotation>
