<annotation>
	<folder>person_without_helmet</folder>
	<filename>person_without_helmet (223).jpg</filename>
	<path>C:\Users\nasir.shah\Desktop\person_without_helmet\person_without_helmet (223).jpg</path>
	<source>
		<database>Unknown</database>
	</source>
	<size>
		<width>302</width>
		<height>200</height>
		<depth>3</depth>
	</size>
	<segmented>0</segmented>
	<object>
		<name>person without helmet</name>
		<pose>Unspecified</pose>
		<truncated>0</truncated>
		<difficult>0</difficult>
		<bndbox>
			<xmin>78</xmin>
			<ymin>43</ymin>
			<xmax>120</xmax>
			<ymax>181</ymax>
		</bndbox>
	</object>
	<object>
		<name>person without helmet</name>
		<pose>Unspecified</pose>
		<truncated>0</truncated>
		<difficult>0</difficult>
		<bndbox>
			<xmin>35</xmin>
			<ymin>24</ymin>
			<xmax>81</xmax>
			<ymax>181</ymax>
		</bndbox>
	</object>
</annotation>
