<annotation>
	<folder>non_workers</folder>
	<filename>person_without_helmet (77).jpg</filename>
	<path>D:\Workspace\YOLO_annotation\dataset_images\non_workers\person_without_helmet (77).jpg</path>
	<source>
		<database>Unknown</database>
	</source>
	<size>
		<width>215</width>
		<height>200</height>
		<depth>3</depth>
	</size>
	<segmented>0</segmented>
	<object>
		<name>person without helmet</name>
		<pose>Unspecified</pose>
		<truncated>0</truncated>
		<difficult>0</difficult>
		<bndbox>
			<xmin>55</xmin>
			<ymin>100</ymin>
			<xmax>72</xmax>
			<ymax>151</ymax>
		</bndbox>
	</object>
	<object>
		<name>person without helmet</name>
		<pose>Unspecified</pose>
		<truncated>0</truncated>
		<difficult>0</difficult>
		<bndbox>
			<xmin>42</xmin>
			<ymin>75</ymin>
			<xmax>64</xmax>
			<ymax>143</ymax>
		</bndbox>
	</object>
</annotation>
