<annotation>
	<folder>dataset_images</folder>
	<filename>worker (625).jpg</filename>
	<path>D:\Workspace\YOLO_annotation\dataset_images\worker (625).jpg</path>
	<source>
		<database>Unknown</database>
	</source>
	<size>
		<width>232</width>
		<height>217</height>
		<depth>3</depth>
	</size>
	<segmented>0</segmented>
	<object>
		<name>helmet</name>
		<pose>Unspecified</pose>
		<truncated>0</truncated>
		<difficult>0</difficult>
		<bndbox>
			<xmin>109</xmin>
			<ymin>43</ymin>
			<xmax>172</xmax>
			<ymax>87</ymax>
		</bndbox>
	</object>
	<object>
		<name>helmet</name>
		<pose>Unspecified</pose>
		<truncated>1</truncated>
		<difficult>0</difficult>
		<bndbox>
			<xmin>26</xmin>
			<ymin>1</ymin>
			<xmax>60</xmax>
			<ymax>29</ymax>
		</bndbox>
	</object>
	<object>
		<name>person with helmet</name>
		<pose>Unspecified</pose>
		<truncated>1</truncated>
		<difficult>0</difficult>
		<bndbox>
			<xmin>24</xmin>
			<ymin>1</ymin>
			<xmax>79</xmax>
			<ymax>170</ymax>
		</bndbox>
	</object>
	<object>
		<name>person with helmet</name>
		<pose>Unspecified</pose>
		<truncated>0</truncated>
		<difficult>0</difficult>
		<bndbox>
			<xmin>83</xmin>
			<ymin>42</ymin>
			<xmax>175</xmax>
			<ymax>202</ymax>
		</bndbox>
	</object>
</annotation>
