<annotation>
	<folder>all_images_folder</folder>
	<filename>worker (219).jpg</filename>
	<path>D:\dataset\all_images_folder\worker (219).jpg</path>
	<source>
		<database>Unknown</database>
	</source>
	<size>
		<width>232</width>
		<height>217</height>
		<depth>3</depth>
	</size>
	<segmented>0</segmented>
	<object>
		<name>helmet</name>
		<pose>Unspecified</pose>
		<truncated>0</truncated>
		<difficult>0</difficult>
		<bndbox>
			<xmin>112</xmin>
			<ymin>29</ymin>
			<xmax>162</xmax>
			<ymax>54</ymax>
		</bndbox>
	</object>
	<object>
		<name>person with helmet</name>
		<pose>Unspecified</pose>
		<truncated>0</truncated>
		<difficult>0</difficult>
		<bndbox>
			<xmin>107</xmin>
			<ymin>27</ymin>
			<xmax>205</xmax>
			<ymax>201</ymax>
		</bndbox>
	</object>
</annotation>
