<annotation>
	<folder>all_images_folder</folder>
	<filename>worker (116).jpg</filename>
	<path>D:\dataset\all_images_folder\worker (116).jpg</path>
	<source>
		<database>Unknown</database>
	</source>
	<size>
		<width>255</width>
		<height>197</height>
		<depth>3</depth>
	</size>
	<segmented>0</segmented>
	<object>
		<name>helmet</name>
		<pose>Unspecified</pose>
		<truncated>0</truncated>
		<difficult>0</difficult>
		<bndbox>
			<xmin>114</xmin>
			<ymin>46</ymin>
			<xmax>167</xmax>
			<ymax>82</ymax>
		</bndbox>
	</object>
	<object>
		<name>person with helmet</name>
		<pose>Unspecified</pose>
		<truncated>0</truncated>
		<difficult>0</difficult>
		<bndbox>
			<xmin>96</xmin>
			<ymin>47</ymin>
			<xmax>209</xmax>
			<ymax>180</ymax>
		</bndbox>
	</object>
</annotation>
