<annotation>
	<folder>all_images_folder</folder>
	<filename>worker (4).jpg</filename>
	<path>D:\dataset\all_images_folder\worker (4).jpg</path>
	<source>
		<database>Unknown</database>
	</source>
	<size>
		<width>266</width>
		<height>189</height>
		<depth>3</depth>
	</size>
	<segmented>0</segmented>
	<object>
		<name>helmet</name>
		<pose>Unspecified</pose>
		<truncated>0</truncated>
		<difficult>0</difficult>
		<bndbox>
			<xmin>41</xmin>
			<ymin>40</ymin>
			<xmax>112</xmax>
			<ymax>78</ymax>
		</bndbox>
	</object>
	<object>
		<name>person with helmet</name>
		<pose>Unspecified</pose>
		<truncated>0</truncated>
		<difficult>0</difficult>
		<bndbox>
			<xmin>28</xmin>
			<ymin>38</ymin>
			<xmax>137</xmax>
			<ymax>176</ymax>
		</bndbox>
	</object>
</annotation>
