<annotation>
	<folder>all_images_folder</folder>
	<filename>worker (178).jpg</filename>
	<path>D:\dataset\all_images_folder\worker (178).jpg</path>
	<source>
		<database>Unknown</database>
	</source>
	<size>
		<width>265</width>
		<height>190</height>
		<depth>3</depth>
	</size>
	<segmented>0</segmented>
	<object>
		<name>helmet</name>
		<pose>Unspecified</pose>
		<truncated>0</truncated>
		<difficult>0</difficult>
		<bndbox>
			<xmin>147</xmin>
			<ymin>3</ymin>
			<xmax>219</xmax>
			<ymax>41</ymax>
		</bndbox>
	</object>
	<object>
		<name>person with helmet</name>
		<pose>Unspecified</pose>
		<truncated>1</truncated>
		<difficult>0</difficult>
		<bndbox>
			<xmin>131</xmin>
			<ymin>2</ymin>
			<xmax>265</xmax>
			<ymax>187</ymax>
		</bndbox>
	</object>
</annotation>
