<annotation>
	<folder>all_images_folder</folder>
	<filename>worker (330).jpg</filename>
	<path>D:\dataset\all_images_folder\worker (330).jpg</path>
	<source>
		<database>Unknown</database>
	</source>
	<size>
		<width>183</width>
		<height>275</height>
		<depth>3</depth>
	</size>
	<segmented>0</segmented>
	<object>
		<name>helmet</name>
		<pose>Unspecified</pose>
		<truncated>0</truncated>
		<difficult>0</difficult>
		<bndbox>
			<xmin>69</xmin>
			<ymin>168</ymin>
			<xmax>137</xmax>
			<ymax>213</ymax>
		</bndbox>
	</object>
	<object>
		<name>person with helmet</name>
		<pose>Unspecified</pose>
		<truncated>1</truncated>
		<difficult>0</difficult>
		<bndbox>
			<xmin>54</xmin>
			<ymin>166</ymin>
			<xmax>167</xmax>
			<ymax>275</ymax>
		</bndbox>
	</object>
</annotation>
