<annotation>
	<folder>all_images_folder</folder>
	<filename>worker (881).jpg</filename>
	<path>C:\Users\nasir.shah\Desktop\all_images_folder\all_images_folder\worker (881).jpg</path>
	<source>
		<database>Unknown</database>
	</source>
	<size>
		<width>278</width>
		<height>181</height>
		<depth>3</depth>
	</size>
	<segmented>0</segmented>
	<object>
		<name>helmet</name>
		<pose>Unspecified</pose>
		<truncated>0</truncated>
		<difficult>0</difficult>
		<bndbox>
			<xmin>121</xmin>
			<ymin>34</ymin>
			<xmax>165</xmax>
			<ymax>72</ymax>
		</bndbox>
	</object>
	<object>
		<name>person with helmet</name>
		<pose>Unspecified</pose>
		<truncated>0</truncated>
		<difficult>0</difficult>
		<bndbox>
			<xmin>117</xmin>
			<ymin>33</ymin>
			<xmax>172</xmax>
			<ymax>114</ymax>
		</bndbox>
	</object>
</annotation>
