<annotation>
	<folder>all_images_folder</folder>
	<filename>worker (410).jpg</filename>
	<path>D:\dataset\all_images_folder\worker (410).jpg</path>
	<source>
		<database>Unknown</database>
	</source>
	<size>
		<width>245</width>
		<height>205</height>
		<depth>3</depth>
	</size>
	<segmented>0</segmented>
	<object>
		<name>helmet</name>
		<pose>Unspecified</pose>
		<truncated>0</truncated>
		<difficult>0</difficult>
		<bndbox>
			<xmin>154</xmin>
			<ymin>39</ymin>
			<xmax>220</xmax>
			<ymax>98</ymax>
		</bndbox>
	</object>
	<object>
		<name>person with helmet</name>
		<pose>Unspecified</pose>
		<truncated>0</truncated>
		<difficult>0</difficult>
		<bndbox>
			<xmin>76</xmin>
			<ymin>39</ymin>
			<xmax>225</xmax>
			<ymax>188</ymax>
		</bndbox>
	</object>
</annotation>
