<annotation>
	<folder>all_images_folder</folder>
	<filename>worker (195).jpg</filename>
	<path>D:\dataset\all_images_folder\worker (195).jpg</path>
	<source>
		<database>Unknown</database>
	</source>
	<size>
		<width>186</width>
		<height>272</height>
		<depth>1</depth>
	</size>
	<segmented>0</segmented>
	<object>
		<name>person without helmet</name>
		<pose>Unspecified</pose>
		<truncated>0</truncated>
		<difficult>0</difficult>
		<bndbox>
			<xmin>51</xmin>
			<ymin>31</ymin>
			<xmax>157</xmax>
			<ymax>268</ymax>
		</bndbox>
	</object>
</annotation>
