<annotation>
	<folder>all_images_folder</folder>
	<filename>worker (279).jpg</filename>
	<path>D:\dataset\all_images_folder\worker (279).jpg</path>
	<source>
		<database>Unknown</database>
	</source>
	<size>
		<width>263</width>
		<height>192</height>
		<depth>3</depth>
	</size>
	<segmented>0</segmented>
	<object>
		<name>helmet</name>
		<pose>Unspecified</pose>
		<truncated>0</truncated>
		<difficult>0</difficult>
		<bndbox>
			<xmin>109</xmin>
			<ymin>22</ymin>
			<xmax>140</xmax>
			<ymax>53</ymax>
		</bndbox>
	</object>
	<object>
		<name>person with helmet</name>
		<pose>Unspecified</pose>
		<truncated>0</truncated>
		<difficult>0</difficult>
		<bndbox>
			<xmin>70</xmin>
			<ymin>20</ymin>
			<xmax>144</xmax>
			<ymax>104</ymax>
		</bndbox>
	</object>
</annotation>
