<annotation>
	<folder>all_images_folder</folder>
	<filename>worker (413).jpg</filename>
	<path>D:\dataset\all_images_folder\worker (413).jpg</path>
	<source>
		<database>Unknown</database>
	</source>
	<size>
		<width>276</width>
		<height>183</height>
		<depth>3</depth>
	</size>
	<segmented>0</segmented>
	<object>
		<name>helmet</name>
		<pose>Unspecified</pose>
		<truncated>0</truncated>
		<difficult>0</difficult>
		<bndbox>
			<xmin>38</xmin>
			<ymin>8</ymin>
			<xmax>89</xmax>
			<ymax>39</ymax>
		</bndbox>
	</object>
	<object>
		<name>person with helmet</name>
		<pose>Unspecified</pose>
		<truncated>1</truncated>
		<difficult>0</difficult>
		<bndbox>
			<xmin>1</xmin>
			<ymin>6</ymin>
			<xmax>111</xmax>
			<ymax>182</ymax>
		</bndbox>
	</object>
</annotation>
