<annotation>
	<folder>dataset_images</folder>
	<filename>worker (575).jpg</filename>
	<path>D:\Workspace\YOLO_annotation\dataset_images\worker (575).jpg</path>
	<source>
		<database>Unknown</database>
	</source>
	<size>
		<width>190</width>
		<height>266</height>
		<depth>3</depth>
	</size>
	<segmented>0</segmented>
	<object>
		<name>helmet</name>
		<pose>Unspecified</pose>
		<truncated>0</truncated>
		<difficult>0</difficult>
		<bndbox>
			<xmin>25</xmin>
			<ymin>50</ymin>
			<xmax>78</xmax>
			<ymax>88</ymax>
		</bndbox>
	</object>
	<object>
		<name>helmet</name>
		<pose>Unspecified</pose>
		<truncated>0</truncated>
		<difficult>0</difficult>
		<bndbox>
			<xmin>93</xmin>
			<ymin>48</ymin>
			<xmax>156</xmax>
			<ymax>95</ymax>
		</bndbox>
	</object>
	<object>
		<name>person with helmet</name>
		<pose>Unspecified</pose>
		<truncated>0</truncated>
		<difficult>0</difficult>
		<bndbox>
			<xmin>90</xmin>
			<ymin>49</ymin>
			<xmax>177</xmax>
			<ymax>250</ymax>
		</bndbox>
	</object>
	<object>
		<name>person with helmet</name>
		<pose>Unspecified</pose>
		<truncated>0</truncated>
		<difficult>0</difficult>
		<bndbox>
			<xmin>2</xmin>
			<ymin>50</ymin>
			<xmax>96</xmax>
			<ymax>185</ymax>
		</bndbox>
	</object>
</annotation>
