<annotation>
	<folder>dataset_images</folder>
	<filename>worker (59).jpg</filename>
	<path>D:\Workspace\YOLO_annotation\dataset_images\worker (59).jpg</path>
	<source>
		<database>Unknown</database>
	</source>
	<size>
		<width>262</width>
		<height>192</height>
		<depth>3</depth>
	</size>
	<segmented>0</segmented>
	<object>
		<name>person without helmet</name>
		<pose>Unspecified</pose>
		<truncated>0</truncated>
		<difficult>0</difficult>
		<bndbox>
			<xmin>43</xmin>
			<ymin>29</ymin>
			<xmax>247</xmax>
			<ymax>174</ymax>
		</bndbox>
	</object>
</annotation>
