<annotation>
	<folder>all_images_folder</folder>
	<filename>worker (230).jpg</filename>
	<path>D:\dataset\all_images_folder\worker (230).jpg</path>
	<source>
		<database>Unknown</database>
	</source>
	<size>
		<width>275</width>
		<height>183</height>
		<depth>3</depth>
	</size>
	<segmented>0</segmented>
	<object>
		<name>helmet</name>
		<pose>Unspecified</pose>
		<truncated>0</truncated>
		<difficult>0</difficult>
		<bndbox>
			<xmin>111</xmin>
			<ymin>34</ymin>
			<xmax>144</xmax>
			<ymax>55</ymax>
		</bndbox>
	</object>
	<object>
		<name>person with helmet</name>
		<pose>Unspecified</pose>
		<truncated>0</truncated>
		<difficult>0</difficult>
		<bndbox>
			<xmin>97</xmin>
			<ymin>33</ymin>
			<xmax>161</xmax>
			<ymax>182</ymax>
		</bndbox>
	</object>
</annotation>
