<annotation>
	<folder>all_images_folder</folder>
	<filename>worker (359).jpg</filename>
	<path>D:\dataset\all_images_folder\worker (359).jpg</path>
	<source>
		<database>Unknown</database>
	</source>
	<size>
		<width>263</width>
		<height>191</height>
		<depth>3</depth>
	</size>
	<segmented>0</segmented>
	<object>
		<name>person without helmet</name>
		<pose>Unspecified</pose>
		<truncated>0</truncated>
		<difficult>0</difficult>
		<bndbox>
			<xmin>15</xmin>
			<ymin>35</ymin>
			<xmax>142</xmax>
			<ymax>174</ymax>
		</bndbox>
	</object>
	<object>
		<name>person without helmet</name>
		<pose>Unspecified</pose>
		<truncated>0</truncated>
		<difficult>0</difficult>
		<bndbox>
			<xmin>133</xmin>
			<ymin>40</ymin>
			<xmax>237</xmax>
			<ymax>175</ymax>
		</bndbox>
	</object>
</annotation>
