<annotation>
	<folder>dataset_images</folder>
	<filename>worker (605).jpg</filename>
	<path>D:\Workspace\YOLO_annotation\dataset_images\worker (605).jpg</path>
	<source>
		<database>Unknown</database>
	</source>
	<size>
		<width>184</width>
		<height>275</height>
		<depth>3</depth>
	</size>
	<segmented>0</segmented>
	<object>
		<name>helmet</name>
		<pose>Unspecified</pose>
		<truncated>0</truncated>
		<difficult>0</difficult>
		<bndbox>
			<xmin>53</xmin>
			<ymin>35</ymin>
			<xmax>88</xmax>
			<ymax>62</ymax>
		</bndbox>
	</object>
	<object>
		<name>person with helmet</name>
		<pose>Unspecified</pose>
		<truncated>0</truncated>
		<difficult>0</difficult>
		<bndbox>
			<xmin>45</xmin>
			<ymin>36</ymin>
			<xmax>102</xmax>
			<ymax>231</ymax>
		</bndbox>
	</object>
</annotation>
