<annotation>
	<folder>all_images_folder</folder>
	<filename>worker (409).jpg</filename>
	<path>D:\dataset\all_images_folder\worker (409).jpg</path>
	<source>
		<database>Unknown</database>
	</source>
	<size>
		<width>275</width>
		<height>183</height>
		<depth>3</depth>
	</size>
	<segmented>0</segmented>
	<object>
		<name>helmet</name>
		<pose>Unspecified</pose>
		<truncated>0</truncated>
		<difficult>0</difficult>
		<bndbox>
			<xmin>45</xmin>
			<ymin>41</ymin>
			<xmax>117</xmax>
			<ymax>80</ymax>
		</bndbox>
	</object>
	<object>
		<name>person with helmet</name>
		<pose>Unspecified</pose>
		<truncated>0</truncated>
		<difficult>0</difficult>
		<bndbox>
			<xmin>32</xmin>
			<ymin>40</ymin>
			<xmax>137</xmax>
			<ymax>182</ymax>
		</bndbox>
	</object>
</annotation>
