<annotation>
	<folder>all_images_folder</folder>
	<filename>worker (266).jpg</filename>
	<path>D:\dataset\all_images_folder\worker (266).jpg</path>
	<source>
		<database>Unknown</database>
	</source>
	<size>
		<width>251</width>
		<height>201</height>
		<depth>3</depth>
	</size>
	<segmented>0</segmented>
	<object>
		<name>person with helmet</name>
		<pose>Unspecified</pose>
		<truncated>0</truncated>
		<difficult>0</difficult>
		<bndbox>
			<xmin>29</xmin>
			<ymin>7</ymin>
			<xmax>140</xmax>
			<ymax>196</ymax>
		</bndbox>
	</object>
	<object>
		<name>helmet</name>
		<pose>Unspecified</pose>
		<truncated>0</truncated>
		<difficult>0</difficult>
		<bndbox>
			<xmin>52</xmin>
			<ymin>7</ymin>
			<xmax>125</xmax>
			<ymax>53</ymax>
		</bndbox>
	</object>
</annotation>
