<annotation>
	<folder>train_image_folder</folder>
	<filename>worker (516).jpg</filename>
	<path>D:\Workspace\YOLO_annotation\dataset_images\tagged\train_image_folder\worker (516).jpg</path>
	<source>
		<database>Unknown</database>
	</source>
	<size>
		<width>287</width>
		<height>176</height>
		<depth>3</depth>
	</size>
	<segmented>0</segmented>
	<object>
		<name>person without helmet</name>
		<pose>Unspecified</pose>
		<truncated>1</truncated>
		<difficult>0</difficult>
		<bndbox>
			<xmin>1</xmin>
			<ymin>22</ymin>
			<xmax>89</xmax>
			<ymax>175</ymax>
		</bndbox>
	</object>
	<object>
		<name>helmet</name>
		<pose>Unspecified</pose>
		<truncated>0</truncated>
		<difficult>0</difficult>
		<bndbox>
			<xmin>188</xmin>
			<ymin>7</ymin>
			<xmax>256</xmax>
			<ymax>59</ymax>
		</bndbox>
	</object>
	<object>
		<name>person with helmet</name>
		<pose>Unspecified</pose>
		<truncated>0</truncated>
		<difficult>0</difficult>
		<bndbox>
			<xmin>177</xmin>
			<ymin>7</ymin>
			<xmax>286</xmax>
			<ymax>175</ymax>
		</bndbox>
	</object>
</annotation>
