<annotation>
	<folder>dataset_images</folder>
	<filename>worker (548).jpg</filename>
	<path>D:\Workspace\YOLO_annotation\dataset_images\worker (548).jpg</path>
	<source>
		<database>Unknown</database>
	</source>
	<size>
		<width>183</width>
		<height>276</height>
		<depth>3</depth>
	</size>
	<segmented>0</segmented>
	<object>
		<name>person with helmet</name>
		<pose>Unspecified</pose>
		<truncated>0</truncated>
		<difficult>0</difficult>
		<bndbox>
			<xmin>49</xmin>
			<ymin>15</ymin>
			<xmax>124</xmax>
			<ymax>264</ymax>
		</bndbox>
	</object>
	<object>
		<name>helmet</name>
		<pose>Unspecified</pose>
		<truncated>0</truncated>
		<difficult>0</difficult>
		<bndbox>
			<xmin>70</xmin>
			<ymin>14</ymin>
			<xmax>106</xmax>
			<ymax>40</ymax>
		</bndbox>
	</object>
</annotation>
