<annotation>
	<folder>dataset_images</folder>
	<filename>worker (170).jpg</filename>
	<path>D:\Workspace\YOLO_annotation\dataset_images\worker (170).jpg</path>
	<source>
		<database>Unknown</database>
	</source>
	<size>
		<width>266</width>
		<height>189</height>
		<depth>3</depth>
	</size>
	<segmented>0</segmented>
	<object>
		<name>person</name>
		<pose>Unspecified</pose>
		<truncated>0</truncated>
		<difficult>0</difficult>
		<bndbox>
			<xmin>36</xmin>
			<ymin>30</ymin>
			<xmax>164</xmax>
			<ymax>178</ymax>
		</bndbox>
	</object>
</annotation>
