<annotation>
	<folder>all_images_folder</folder>
	<filename>worker (70).jpg</filename>
	<path>D:\Workspace\YOLO_annotation\dataset_images\tagged\all_images_folder\worker (70).jpg</path>
	<source>
		<database>Unknown</database>
	</source>
	<size>
		<width>188</width>
		<height>268</height>
		<depth>3</depth>
	</size>
	<segmented>0</segmented>
	<object>
		<name>helmet</name>
		<pose>Unspecified</pose>
		<truncated>0</truncated>
		<difficult>0</difficult>
		<bndbox>
			<xmin>102</xmin>
			<ymin>36</ymin>
			<xmax>143</xmax>
			<ymax>68</ymax>
		</bndbox>
	</object>
	<object>
		<name>person with helmet</name>
		<pose>Unspecified</pose>
		<truncated>0</truncated>
		<difficult>0</difficult>
		<bndbox>
			<xmin>98</xmin>
			<ymin>37</ymin>
			<xmax>157</xmax>
			<ymax>225</ymax>
		</bndbox>
	</object>
</annotation>
