<annotation>
	<folder>all_images_folder</folder>
	<filename>worker (278).jpg</filename>
	<path>D:\dataset\all_images_folder\worker (278).jpg</path>
	<source>
		<database>Unknown</database>
	</source>
	<size>
		<width>259</width>
		<height>194</height>
		<depth>3</depth>
	</size>
	<segmented>0</segmented>
	<object>
		<name>helmet</name>
		<pose>Unspecified</pose>
		<truncated>0</truncated>
		<difficult>0</difficult>
		<bndbox>
			<xmin>29</xmin>
			<ymin>4</ymin>
			<xmax>233</xmax>
			<ymax>182</ymax>
		</bndbox>
	</object>
</annotation>
