<annotation>
	<folder>all_images_folder</folder>
	<filename>worker (293).jpg</filename>
	<path>D:\dataset\all_images_folder\worker (293).jpg</path>
	<source>
		<database>Unknown</database>
	</source>
	<size>
		<width>265</width>
		<height>190</height>
		<depth>3</depth>
	</size>
	<segmented>0</segmented>
	<object>
		<name>helmet</name>
		<pose>Unspecified</pose>
		<truncated>0</truncated>
		<difficult>0</difficult>
		<bndbox>
			<xmin>182</xmin>
			<ymin>71</ymin>
			<xmax>214</xmax>
			<ymax>98</ymax>
		</bndbox>
	</object>
	<object>
		<name>person with helmet</name>
		<pose>Unspecified</pose>
		<truncated>0</truncated>
		<difficult>0</difficult>
		<bndbox>
			<xmin>159</xmin>
			<ymin>67</ymin>
			<xmax>229</xmax>
			<ymax>174</ymax>
		</bndbox>
	</object>
</annotation>
