<annotation>
	<folder>all_images_folder</folder>
	<filename>worker (179).jpg</filename>
	<path>D:\dataset\all_images_folder\worker (179).jpg</path>
	<source>
		<database>Unknown</database>
	</source>
	<size>
		<width>276</width>
		<height>183</height>
		<depth>3</depth>
	</size>
	<segmented>0</segmented>
	<object>
		<name>helmet</name>
		<pose>Unspecified</pose>
		<truncated>0</truncated>
		<difficult>0</difficult>
		<bndbox>
			<xmin>131</xmin>
			<ymin>5</ymin>
			<xmax>233</xmax>
			<ymax>59</ymax>
		</bndbox>
	</object>
	<object>
		<name>person with helmet</name>
		<pose>Unspecified</pose>
		<truncated>1</truncated>
		<difficult>0</difficult>
		<bndbox>
			<xmin>118</xmin>
			<ymin>3</ymin>
			<xmax>256</xmax>
			<ymax>183</ymax>
		</bndbox>
	</object>
</annotation>
