<annotation>
	<folder>all_images_folder</folder>
	<filename>worker (205).jpg</filename>
	<path>D:\dataset\all_images_folder\worker (205).jpg</path>
	<source>
		<database>Unknown</database>
	</source>
	<size>
		<width>266</width>
		<height>189</height>
		<depth>3</depth>
	</size>
	<segmented>0</segmented>
	<object>
		<name>helmet</name>
		<pose>Unspecified</pose>
		<truncated>0</truncated>
		<difficult>0</difficult>
		<bndbox>
			<xmin>136</xmin>
			<ymin>22</ymin>
			<xmax>189</xmax>
			<ymax>56</ymax>
		</bndbox>
	</object>
	<object>
		<name>person with helmet</name>
		<pose>Unspecified</pose>
		<truncated>0</truncated>
		<difficult>0</difficult>
		<bndbox>
			<xmin>107</xmin>
			<ymin>20</ymin>
			<xmax>212</xmax>
			<ymax>106</ymax>
		</bndbox>
	</object>
</annotation>
