<annotation>
	<folder>all_images_folder</folder>
	<filename>worker (383).jpg</filename>
	<path>D:\dataset\all_images_folder\worker (383).jpg</path>
	<source>
		<database>Unknown</database>
	</source>
	<size>
		<width>264</width>
		<height>191</height>
		<depth>3</depth>
	</size>
	<segmented>0</segmented>
	<object>
		<name>helmet</name>
		<pose>Unspecified</pose>
		<truncated>0</truncated>
		<difficult>0</difficult>
		<bndbox>
			<xmin>161</xmin>
			<ymin>6</ymin>
			<xmax>236</xmax>
			<ymax>61</ymax>
		</bndbox>
	</object>
	<object>
		<name>person with helmet</name>
		<pose>Unspecified</pose>
		<truncated>0</truncated>
		<difficult>0</difficult>
		<bndbox>
			<xmin>131</xmin>
			<ymin>6</ymin>
			<xmax>258</xmax>
			<ymax>174</ymax>
		</bndbox>
	</object>
</annotation>
