<annotation>
	<folder>all_images_folder</folder>
	<filename>worker (727).jpg</filename>
	<path>C:\Users\nasir.shah\Desktop\all_images_folder\all_images_folder\worker (727).jpg</path>
	<source>
		<database>Unknown</database>
	</source>
	<size>
		<width>275</width>
		<height>183</height>
		<depth>3</depth>
	</size>
	<segmented>0</segmented>
	<object>
		<name>helmet</name>
		<pose>Unspecified</pose>
		<truncated>0</truncated>
		<difficult>0</difficult>
		<bndbox>
			<xmin>62</xmin>
			<ymin>22</ymin>
			<xmax>99</xmax>
			<ymax>59</ymax>
		</bndbox>
	</object>
	<object>
		<name>helmet</name>
		<pose>Unspecified</pose>
		<truncated>0</truncated>
		<difficult>0</difficult>
		<bndbox>
			<xmin>135</xmin>
			<ymin>10</ymin>
			<xmax>174</xmax>
			<ymax>42</ymax>
		</bndbox>
	</object>
	<object>
		<name>person with helmet</name>
		<pose>Unspecified</pose>
		<truncated>0</truncated>
		<difficult>0</difficult>
		<bndbox>
			<xmin>123</xmin>
			<ymin>11</ymin>
			<xmax>189</xmax>
			<ymax>100</ymax>
		</bndbox>
	</object>
	<object>
		<name>person with helmet</name>
		<pose>Unspecified</pose>
		<truncated>0</truncated>
		<difficult>0</difficult>
		<bndbox>
			<xmin>51</xmin>
			<ymin>23</ymin>
			<xmax>114</xmax>
			<ymax>116</ymax>
		</bndbox>
	</object>
</annotation>
