<annotation>
	<folder>all_images_folder</folder>
	<filename>worker (98).jpg</filename>
	<path>D:\Workspace\YOLO_annotation\dataset_images\tagged\all_images_folder\worker (98).jpg</path>
	<source>
		<database>Unknown</database>
	</source>
	<size>
		<width>266</width>
		<height>189</height>
		<depth>3</depth>
	</size>
	<segmented>0</segmented>
	<object>
		<name>helmet</name>
		<pose>Unspecified</pose>
		<truncated>1</truncated>
		<difficult>0</difficult>
		<bndbox>
			<xmin>119</xmin>
			<ymin>1</ymin>
			<xmax>197</xmax>
			<ymax>51</ymax>
		</bndbox>
	</object>
	<object>
		<name>person with helmet</name>
		<pose>Unspecified</pose>
		<truncated>0</truncated>
		<difficult>0</difficult>
		<bndbox>
			<xmin>93</xmin>
			<ymin>2</ymin>
			<xmax>246</xmax>
			<ymax>178</ymax>
		</bndbox>
	</object>
</annotation>
