<annotation>
	<folder>train_image_folder</folder>
	<filename>worker (457).jpg</filename>
	<path>D:\Workspace\YOLO_annotation\dataset_images\tagged\train_image_folder\worker (457).jpg</path>
	<source>
		<database>Unknown</database>
	</source>
	<size>
		<width>275</width>
		<height>183</height>
		<depth>3</depth>
	</size>
	<segmented>0</segmented>
	<object>
		<name>helmet</name>
		<pose>Unspecified</pose>
		<truncated>0</truncated>
		<difficult>0</difficult>
		<bndbox>
			<xmin>153</xmin>
			<ymin>35</ymin>
			<xmax>215</xmax>
			<ymax>81</ymax>
		</bndbox>
	</object>
	<object>
		<name>person with helmet</name>
		<pose>Unspecified</pose>
		<truncated>0</truncated>
		<difficult>0</difficult>
		<bndbox>
			<xmin>118</xmin>
			<ymin>36</ymin>
			<xmax>240</xmax>
			<ymax>181</ymax>
		</bndbox>
	</object>
</annotation>
