<annotation>
	<folder>all_images_folder</folder>
	<filename>worker (891).jpg</filename>
	<path>D:\Workspace\YOLO_annotation\dataset_images\tagged\all_images_folder\worker (891).jpg</path>
	<source>
		<database>Unknown</database>
	</source>
	<size>
		<width>275</width>
		<height>183</height>
		<depth>3</depth>
	</size>
	<segmented>0</segmented>
	<object>
		<name>helmet</name>
		<pose>Unspecified</pose>
		<truncated>0</truncated>
		<difficult>0</difficult>
		<bndbox>
			<xmin>43</xmin>
			<ymin>41</ymin>
			<xmax>117</xmax>
			<ymax>81</ymax>
		</bndbox>
	</object>
	<object>
		<name>person with helmet</name>
		<pose>Unspecified</pose>
		<truncated>0</truncated>
		<difficult>0</difficult>
		<bndbox>
			<xmin>38</xmin>
			<ymin>41</ymin>
			<xmax>132</xmax>
			<ymax>182</ymax>
		</bndbox>
	</object>
</annotation>
