<annotation>
	<folder>dataset_images</folder>
	<filename>worker (558).jpg</filename>
	<path>D:\Workspace\YOLO_annotation\dataset_images\worker (558).jpg</path>
	<source>
		<database>Unknown</database>
	</source>
	<size>
		<width>299</width>
		<height>168</height>
		<depth>3</depth>
	</size>
	<segmented>0</segmented>
	<object>
		<name>helmet</name>
		<pose>Unspecified</pose>
		<truncated>0</truncated>
		<difficult>0</difficult>
		<bndbox>
			<xmin>91</xmin>
			<ymin>2</ymin>
			<xmax>155</xmax>
			<ymax>50</ymax>
		</bndbox>
	</object>
	<object>
		<name>person with helmet</name>
		<pose>Unspecified</pose>
		<truncated>0</truncated>
		<difficult>0</difficult>
		<bndbox>
			<xmin>26</xmin>
			<ymin>2</ymin>
			<xmax>201</xmax>
			<ymax>154</ymax>
		</bndbox>
	</object>
</annotation>
