<annotation>
	<folder>dataset_images</folder>
	<filename>worker (47).jpg</filename>
	<path>D:\Workspace\YOLO_annotation\dataset_images\worker (47).jpg</path>
	<source>
		<database>Unknown</database>
	</source>
	<size>
		<width>266</width>
		<height>189</height>
		<depth>3</depth>
	</size>
	<segmented>0</segmented>
	<object>
		<name>helmet</name>
		<pose>Unspecified</pose>
		<truncated>0</truncated>
		<difficult>0</difficult>
		<bndbox>
			<xmin>83</xmin>
			<ymin>4</ymin>
			<xmax>138</xmax>
			<ymax>54</ymax>
		</bndbox>
	</object>
	<object>
		<name>person</name>
		<pose>Unspecified</pose>
		<truncated>0</truncated>
		<difficult>0</difficult>
		<bndbox>
			<xmin>68</xmin>
			<ymin>5</ymin>
			<xmax>199</xmax>
			<ymax>176</ymax>
		</bndbox>
	</object>
</annotation>
