<annotation>
	<folder>all_images_folder</folder>
	<filename>worker (192).jpg</filename>
	<path>D:\dataset\all_images_folder\worker (192).jpg</path>
	<source>
		<database>Unknown</database>
	</source>
	<size>
		<width>289</width>
		<height>174</height>
		<depth>3</depth>
	</size>
	<segmented>0</segmented>
	<object>
		<name>helmet</name>
		<pose>Unspecified</pose>
		<truncated>0</truncated>
		<difficult>0</difficult>
		<bndbox>
			<xmin>144</xmin>
			<ymin>76</ymin>
			<xmax>169</xmax>
			<ymax>101</ymax>
		</bndbox>
	</object>
	<object>
		<name>person with helmet</name>
		<pose>Unspecified</pose>
		<truncated>0</truncated>
		<difficult>0</difficult>
		<bndbox>
			<xmin>120</xmin>
			<ymin>71</ymin>
			<xmax>189</xmax>
			<ymax>161</ymax>
		</bndbox>
	</object>
</annotation>
