<annotation>
	<folder>all_images_folder</folder>
	<filename>worker (386).jpg</filename>
	<path>D:\dataset\all_images_folder\worker (386).jpg</path>
	<source>
		<database>Unknown</database>
	</source>
	<size>
		<width>266</width>
		<height>189</height>
		<depth>3</depth>
	</size>
	<segmented>0</segmented>
	<object>
		<name>person with helmet</name>
		<pose>Unspecified</pose>
		<truncated>0</truncated>
		<difficult>0</difficult>
		<bndbox>
			<xmin>194</xmin>
			<ymin>32</ymin>
			<xmax>250</xmax>
			<ymax>177</ymax>
		</bndbox>
	</object>
	<object>
		<name>helmet</name>
		<pose>Unspecified</pose>
		<truncated>0</truncated>
		<difficult>0</difficult>
		<bndbox>
			<xmin>204</xmin>
			<ymin>33</ymin>
			<xmax>249</xmax>
			<ymax>64</ymax>
		</bndbox>
	</object>
</annotation>
