<annotation>
	<folder>dataset_images</folder>
	<filename>worker (232).jpg</filename>
	<path>D:\Workspace\YOLO_annotation\dataset_images\worker (232).jpg</path>
	<source>
		<database>Unknown</database>
	</source>
	<size>
		<width>269</width>
		<height>188</height>
		<depth>3</depth>
	</size>
	<segmented>0</segmented>
	<object>
		<name>person</name>
		<pose>Unspecified</pose>
		<truncated>0</truncated>
		<difficult>0</difficult>
		<bndbox>
			<xmin>113</xmin>
			<ymin>4</ymin>
			<xmax>251</xmax>
			<ymax>179</ymax>
		</bndbox>
	</object>
</annotation>
