<annotation>
	<folder>all_images_folder</folder>
	<filename>worker (391).jpg</filename>
	<path>D:\dataset\all_images_folder\worker (391).jpg</path>
	<source>
		<database>Unknown</database>
	</source>
	<size>
		<width>183</width>
		<height>276</height>
		<depth>3</depth>
	</size>
	<segmented>0</segmented>
	<object>
		<name>helmet</name>
		<pose>Unspecified</pose>
		<truncated>0</truncated>
		<difficult>0</difficult>
		<bndbox>
			<xmin>45</xmin>
			<ymin>32</ymin>
			<xmax>74</xmax>
			<ymax>52</ymax>
		</bndbox>
	</object>
	<object>
		<name>person with helmet</name>
		<pose>Unspecified</pose>
		<truncated>0</truncated>
		<difficult>0</difficult>
		<bndbox>
			<xmin>23</xmin>
			<ymin>30</ymin>
			<xmax>103</xmax>
			<ymax>267</ymax>
		</bndbox>
	</object>
</annotation>
