<annotation>
	<folder>dataset_images</folder>
	<filename>worker (423).jpg</filename>
	<path>D:\Workspace\YOLO_annotation\dataset_images\worker (423).jpg</path>
	<source>
		<database>Unknown</database>
	</source>
	<size>
		<width>275</width>
		<height>183</height>
		<depth>3</depth>
	</size>
	<segmented>0</segmented>
	<object>
		<name>helmet</name>
		<pose>Unspecified</pose>
		<truncated>0</truncated>
		<difficult>0</difficult>
		<bndbox>
			<xmin>128</xmin>
			<ymin>6</ymin>
			<xmax>179</xmax>
			<ymax>46</ymax>
		</bndbox>
	</object>
	<object>
		<name>person</name>
		<pose>Unspecified</pose>
		<truncated>0</truncated>
		<difficult>0</difficult>
		<bndbox>
			<xmin>65</xmin>
			<ymin>5</ymin>
			<xmax>270</xmax>
			<ymax>149</ymax>
		</bndbox>
	</object>
</annotation>
