<annotation>
	<folder>all_images_folder</folder>
	<filename>worker (125).jpg</filename>
	<path>D:\dataset\all_images_folder\worker (125).jpg</path>
	<source>
		<database>Unknown</database>
	</source>
	<size>
		<width>183</width>
		<height>275</height>
		<depth>3</depth>
	</size>
	<segmented>0</segmented>
	<object>
		<name>helmet</name>
		<pose>Unspecified</pose>
		<truncated>0</truncated>
		<difficult>0</difficult>
		<bndbox>
			<xmin>60</xmin>
			<ymin>118</ymin>
			<xmax>92</xmax>
			<ymax>137</ymax>
		</bndbox>
	</object>
	<object>
		<name>person with helmet</name>
		<pose>Unspecified</pose>
		<truncated>1</truncated>
		<difficult>0</difficult>
		<bndbox>
			<xmin>29</xmin>
			<ymin>117</ymin>
			<xmax>104</xmax>
			<ymax>275</ymax>
		</bndbox>
	</object>
</annotation>
