<annotation>
	<folder>all_images_folder</folder>
	<filename>worker (319).jpg</filename>
	<path>D:\dataset\all_images_folder\worker (319).jpg</path>
	<source>
		<database>Unknown</database>
	</source>
	<size>
		<width>300</width>
		<height>168</height>
		<depth>3</depth>
	</size>
	<segmented>0</segmented>
	<object>
		<name>person with helmet</name>
		<pose>Unspecified</pose>
		<truncated>0</truncated>
		<difficult>0</difficult>
		<bndbox>
			<xmin>86</xmin>
			<ymin>40</ymin>
			<xmax>157</xmax>
			<ymax>165</ymax>
		</bndbox>
	</object>
	<object>
		<name>helmet</name>
		<pose>Unspecified</pose>
		<truncated>0</truncated>
		<difficult>0</difficult>
		<bndbox>
			<xmin>94</xmin>
			<ymin>40</ymin>
			<xmax>152</xmax>
			<ymax>75</ymax>
		</bndbox>
	</object>
</annotation>
