<annotation>
	<folder>all_images_folder</folder>
	<filename>worker (320).jpg</filename>
	<path>D:\dataset\all_images_folder\worker (320).jpg</path>
	<source>
		<database>Unknown</database>
	</source>
	<size>
		<width>177</width>
		<height>285</height>
		<depth>3</depth>
	</size>
	<segmented>0</segmented>
	<object>
		<name>person with helmet</name>
		<pose>Unspecified</pose>
		<truncated>0</truncated>
		<difficult>0</difficult>
		<bndbox>
			<xmin>43</xmin>
			<ymin>8</ymin>
			<xmax>129</xmax>
			<ymax>257</ymax>
		</bndbox>
	</object>
	<object>
		<name>helmet</name>
		<pose>Unspecified</pose>
		<truncated>0</truncated>
		<difficult>0</difficult>
		<bndbox>
			<xmin>57</xmin>
			<ymin>10</ymin>
			<xmax>94</xmax>
			<ymax>32</ymax>
		</bndbox>
	</object>
</annotation>
