<annotation>
	<folder>all_images_folder</folder>
	<filename>worker (441).jpg</filename>
	<path>D:\dataset\all_images_folder\worker (441).jpg</path>
	<source>
		<database>Unknown</database>
	</source>
	<size>
		<width>275</width>
		<height>183</height>
		<depth>3</depth>
	</size>
	<segmented>0</segmented>
	<object>
		<name>person with helmet</name>
		<pose>Unspecified</pose>
		<truncated>0</truncated>
		<difficult>0</difficult>
		<bndbox>
			<xmin>128</xmin>
			<ymin>6</ymin>
			<xmax>234</xmax>
			<ymax>181</ymax>
		</bndbox>
	</object>
	<object>
		<name>helmet</name>
		<pose>Unspecified</pose>
		<truncated>0</truncated>
		<difficult>0</difficult>
		<bndbox>
			<xmin>160</xmin>
			<ymin>7</ymin>
			<xmax>215</xmax>
			<ymax>48</ymax>
		</bndbox>
	</object>
</annotation>
