<annotation>
	<folder>all_images_folder</folder>
	<filename>worker (334).jpg</filename>
	<path>D:\dataset\all_images_folder\worker (334).jpg</path>
	<source>
		<database>Unknown</database>
	</source>
	<size>
		<width>259</width>
		<height>195</height>
		<depth>3</depth>
	</size>
	<segmented>0</segmented>
	<object>
		<name>helmet</name>
		<pose>Unspecified</pose>
		<truncated>0</truncated>
		<difficult>0</difficult>
		<bndbox>
			<xmin>120</xmin>
			<ymin>26</ymin>
			<xmax>237</xmax>
			<ymax>160</ymax>
		</bndbox>
	</object>
</annotation>
