<annotation>
	<folder>all_images_folder</folder>
	<filename>worker (411).jpg</filename>
	<path>D:\dataset\all_images_folder\worker (411).jpg</path>
	<source>
		<database>Unknown</database>
	</source>
	<size>
		<width>300</width>
		<height>168</height>
		<depth>3</depth>
	</size>
	<segmented>0</segmented>
	<object>
		<name>helmet</name>
		<pose>Unspecified</pose>
		<truncated>0</truncated>
		<difficult>0</difficult>
		<bndbox>
			<xmin>149</xmin>
			<ymin>51</ymin>
			<xmax>177</xmax>
			<ymax>77</ymax>
		</bndbox>
	</object>
	<object>
		<name>person with helmet</name>
		<pose>Unspecified</pose>
		<truncated>0</truncated>
		<difficult>0</difficult>
		<bndbox>
			<xmin>143</xmin>
			<ymin>50</ymin>
			<xmax>200</xmax>
			<ymax>167</ymax>
		</bndbox>
	</object>
</annotation>
