<annotation>
	<folder>dataset_images</folder>
	<filename>worker (570).jpg</filename>
	<path>D:\Workspace\YOLO_annotation\dataset_images\worker (570).jpg</path>
	<source>
		<database>Unknown</database>
	</source>
	<size>
		<width>210</width>
		<height>240</height>
		<depth>3</depth>
	</size>
	<segmented>0</segmented>
	<object>
		<name>helmet</name>
		<pose>Unspecified</pose>
		<truncated>1</truncated>
		<difficult>0</difficult>
		<bndbox>
			<xmin>86</xmin>
			<ymin>1</ymin>
			<xmax>143</xmax>
			<ymax>43</ymax>
		</bndbox>
	</object>
	<object>
		<name>person with helmet</name>
		<pose>Unspecified</pose>
		<truncated>1</truncated>
		<difficult>0</difficult>
		<bndbox>
			<xmin>40</xmin>
			<ymin>1</ymin>
			<xmax>149</xmax>
			<ymax>240</ymax>
		</bndbox>
	</object>
</annotation>
