<annotation>
	<folder>all_images_folder</folder>
	<filename>worker (180).jpg</filename>
	<path>D:\dataset\all_images_folder\worker (180).jpg</path>
	<source>
		<database>Unknown</database>
	</source>
	<size>
		<width>275</width>
		<height>183</height>
		<depth>3</depth>
	</size>
	<segmented>0</segmented>
	<object>
		<name>helmet</name>
		<pose>Unspecified</pose>
		<truncated>0</truncated>
		<difficult>0</difficult>
		<bndbox>
			<xmin>145</xmin>
			<ymin>60</ymin>
			<xmax>179</xmax>
			<ymax>76</ymax>
		</bndbox>
	</object>
	<object>
		<name>person with helmet</name>
		<pose>Unspecified</pose>
		<truncated>1</truncated>
		<difficult>0</difficult>
		<bndbox>
			<xmin>138</xmin>
			<ymin>59</ymin>
			<xmax>194</xmax>
			<ymax>183</ymax>
		</bndbox>
	</object>
</annotation>
