<annotation>
	<folder>dataset_images</folder>
	<filename>worker (643).jpg</filename>
	<path>D:\Workspace\YOLO_annotation\dataset_images\worker (643).jpg</path>
	<source>
		<database>Unknown</database>
	</source>
	<size>
		<width>299</width>
		<height>168</height>
		<depth>3</depth>
	</size>
	<segmented>0</segmented>
	<object>
		<name>helmet</name>
		<pose>Unspecified</pose>
		<truncated>0</truncated>
		<difficult>0</difficult>
		<bndbox>
			<xmin>118</xmin>
			<ymin>8</ymin>
			<xmax>178</xmax>
			<ymax>55</ymax>
		</bndbox>
	</object>
	<object>
		<name>person with helmet</name>
		<pose>Unspecified</pose>
		<truncated>0</truncated>
		<difficult>0</difficult>
		<bndbox>
			<xmin>80</xmin>
			<ymin>8</ymin>
			<xmax>186</xmax>
			<ymax>166</ymax>
		</bndbox>
	</object>
</annotation>
