<annotation>
	<folder>train_image_folder</folder>
	<filename>worker (494).jpg</filename>
	<path>D:\Workspace\YOLO_annotation\dataset_images\tagged\train_image_folder\worker (494).jpg</path>
	<source>
		<database>Unknown</database>
	</source>
	<size>
		<width>179</width>
		<height>281</height>
		<depth>3</depth>
	</size>
	<segmented>0</segmented>
	<object>
		<name>helmet</name>
		<pose>Unspecified</pose>
		<truncated>0</truncated>
		<difficult>0</difficult>
		<bndbox>
			<xmin>70</xmin>
			<ymin>33</ymin>
			<xmax>126</xmax>
			<ymax>79</ymax>
		</bndbox>
	</object>
	<object>
		<name>person with helmet</name>
		<pose>Unspecified</pose>
		<truncated>0</truncated>
		<difficult>0</difficult>
		<bndbox>
			<xmin>29</xmin>
			<ymin>34</ymin>
			<xmax>152</xmax>
			<ymax>268</ymax>
		</bndbox>
	</object>
</annotation>
