<annotation>
	<folder>dataset_images</folder>
	<filename>worker (245).jpg</filename>
	<path>D:\Workspace\YOLO_annotation\dataset_images\worker (245).jpg</path>
	<source>
		<database>Unknown</database>
	</source>
	<size>
		<width>275</width>
		<height>184</height>
		<depth>3</depth>
	</size>
	<segmented>0</segmented>
	<object>
		<name>person</name>
		<pose>Unspecified</pose>
		<truncated>1</truncated>
		<difficult>0</difficult>
		<bndbox>
			<xmin>56</xmin>
			<ymin>19</ymin>
			<xmax>162</xmax>
			<ymax>184</ymax>
		</bndbox>
	</object>
</annotation>
