<annotation>
	<folder>all_images_folder</folder>
	<filename>worker (406).jpg</filename>
	<path>D:\dataset\all_images_folder\worker (406).jpg</path>
	<source>
		<database>Unknown</database>
	</source>
	<size>
		<width>318</width>
		<height>159</height>
		<depth>3</depth>
	</size>
	<segmented>0</segmented>
	<object>
		<name>person with helmet</name>
		<pose>Unspecified</pose>
		<truncated>0</truncated>
		<difficult>0</difficult>
		<bndbox>
			<xmin>113</xmin>
			<ymin>15</ymin>
			<xmax>182</xmax>
			<ymax>157</ymax>
		</bndbox>
	</object>
	<object>
		<name>helmet</name>
		<pose>Unspecified</pose>
		<truncated>0</truncated>
		<difficult>0</difficult>
		<bndbox>
			<xmin>136</xmin>
			<ymin>17</ymin>
			<xmax>163</xmax>
			<ymax>36</ymax>
		</bndbox>
	</object>
</annotation>
