<annotation>
	<folder>all_images_folder</folder>
	<filename>worker (211).jpg</filename>
	<path>D:\dataset\all_images_folder\worker (211).jpg</path>
	<source>
		<database>Unknown</database>
	</source>
	<size>
		<width>275</width>
		<height>183</height>
		<depth>3</depth>
	</size>
	<segmented>0</segmented>
	<object>
		<name>helmet</name>
		<pose>Unspecified</pose>
		<truncated>0</truncated>
		<difficult>0</difficult>
		<bndbox>
			<xmin>69</xmin>
			<ymin>12</ymin>
			<xmax>123</xmax>
			<ymax>45</ymax>
		</bndbox>
	</object>
	<object>
		<name>person with helmet</name>
		<pose>Unspecified</pose>
		<truncated>1</truncated>
		<difficult>0</difficult>
		<bndbox>
			<xmin>51</xmin>
			<ymin>9</ymin>
			<xmax>141</xmax>
			<ymax>183</ymax>
		</bndbox>
	</object>
</annotation>
