<annotation>
	<folder>all_images_folder</folder>
	<filename>worker (387).jpg</filename>
	<path>D:\dataset\all_images_folder\worker (387).jpg</path>
	<source>
		<database>Unknown</database>
	</source>
	<size>
		<width>194</width>
		<height>259</height>
		<depth>3</depth>
	</size>
	<segmented>0</segmented>
	<object>
		<name>person with helmet</name>
		<pose>Unspecified</pose>
		<truncated>1</truncated>
		<difficult>0</difficult>
		<bndbox>
			<xmin>1</xmin>
			<ymin>10</ymin>
			<xmax>192</xmax>
			<ymax>258</ymax>
		</bndbox>
	</object>
	<object>
		<name>helmet</name>
		<pose>Unspecified</pose>
		<truncated>0</truncated>
		<difficult>0</difficult>
		<bndbox>
			<xmin>47</xmin>
			<ymin>12</ymin>
			<xmax>157</xmax>
			<ymax>84</ymax>
		</bndbox>
	</object>
</annotation>
