<annotation>
	<folder>dataset_images</folder>
	<filename>worker (28).jpg</filename>
	<path>D:\Workspace\YOLO_annotation\dataset_images\worker (28).jpg</path>
	<source>
		<database>Unknown</database>
	</source>
	<size>
		<width>225</width>
		<height>225</height>
		<depth>3</depth>
	</size>
	<segmented>0</segmented>
	<object>
		<name>person</name>
		<pose>Unspecified</pose>
		<truncated>1</truncated>
		<difficult>0</difficult>
		<bndbox>
			<xmin>2</xmin>
			<ymin>55</ymin>
			<xmax>223</xmax>
			<ymax>225</ymax>
		</bndbox>
	</object>
</annotation>
