<annotation>
	<folder>all_images_folder</folder>
	<filename>worker (175).jpg</filename>
	<path>D:\dataset\all_images_folder\worker (175).jpg</path>
	<source>
		<database>Unknown</database>
	</source>
	<size>
		<width>249</width>
		<height>202</height>
		<depth>3</depth>
	</size>
	<segmented>0</segmented>
	<object>
		<name>helmet</name>
		<pose>Unspecified</pose>
		<truncated>0</truncated>
		<difficult>0</difficult>
		<bndbox>
			<xmin>160</xmin>
			<ymin>37</ymin>
			<xmax>223</xmax>
			<ymax>96</ymax>
		</bndbox>
	</object>
	<object>
		<name>person with helmet</name>
		<pose>Unspecified</pose>
		<truncated>0</truncated>
		<difficult>0</difficult>
		<bndbox>
			<xmin>99</xmin>
			<ymin>34</ymin>
			<xmax>232</xmax>
			<ymax>188</ymax>
		</bndbox>
	</object>
</annotation>
