<annotation>
	<folder>all_images_folder</folder>
	<filename>worker (302).jpg</filename>
	<path>D:\dataset\all_images_folder\worker (302).jpg</path>
	<source>
		<database>Unknown</database>
	</source>
	<size>
		<width>275</width>
		<height>183</height>
		<depth>3</depth>
	</size>
	<segmented>0</segmented>
	<object>
		<name>helmet</name>
		<pose>Unspecified</pose>
		<truncated>0</truncated>
		<difficult>0</difficult>
		<bndbox>
			<xmin>79</xmin>
			<ymin>4</ymin>
			<xmax>134</xmax>
			<ymax>38</ymax>
		</bndbox>
	</object>
	<object>
		<name>person with helmet</name>
		<pose>Unspecified</pose>
		<truncated>0</truncated>
		<difficult>0</difficult>
		<bndbox>
			<xmin>51</xmin>
			<ymin>4</ymin>
			<xmax>146</xmax>
			<ymax>173</ymax>
		</bndbox>
	</object>
</annotation>
