<annotation>
	<folder>all_images_folder</folder>
	<filename>worker (81).jpg</filename>
	<path>D:\Workspace\YOLO_annotation\dataset_images\tagged\all_images_folder\worker (81).jpg</path>
	<source>
		<database>Unknown</database>
	</source>
	<size>
		<width>243</width>
		<height>207</height>
		<depth>3</depth>
	</size>
	<segmented>0</segmented>
	<object>
		<name>helmet</name>
		<pose>Unspecified</pose>
		<truncated>0</truncated>
		<difficult>0</difficult>
		<bndbox>
			<xmin>101</xmin>
			<ymin>46</ymin>
			<xmax>139</xmax>
			<ymax>73</ymax>
		</bndbox>
	</object>
	<object>
		<name>person with helmet</name>
		<pose>Unspecified</pose>
		<truncated>0</truncated>
		<difficult>0</difficult>
		<bndbox>
			<xmin>83</xmin>
			<ymin>46</ymin>
			<xmax>166</xmax>
			<ymax>196</ymax>
		</bndbox>
	</object>
</annotation>
