<annotation>
	<folder>all_images_folder</folder>
	<filename>worker (137).jpg</filename>
	<path>D:\dataset\all_images_folder\worker (137).jpg</path>
	<source>
		<database>Unknown</database>
	</source>
	<size>
		<width>266</width>
		<height>189</height>
		<depth>3</depth>
	</size>
	<segmented>0</segmented>
	<object>
		<name>helmet</name>
		<pose>Unspecified</pose>
		<truncated>0</truncated>
		<difficult>0</difficult>
		<bndbox>
			<xmin>133</xmin>
			<ymin>25</ymin>
			<xmax>172</xmax>
			<ymax>51</ymax>
		</bndbox>
	</object>
	<object>
		<name>person with helmet</name>
		<pose>Unspecified</pose>
		<truncated>0</truncated>
		<difficult>0</difficult>
		<bndbox>
			<xmin>114</xmin>
			<ymin>24</ymin>
			<xmax>191</xmax>
			<ymax>172</ymax>
		</bndbox>
	</object>
</annotation>
