<annotation>
	<folder>all_images_folder</folder>
	<filename>worker (229).jpg</filename>
	<path>D:\dataset\all_images_folder\worker (229).jpg</path>
	<source>
		<database>Unknown</database>
	</source>
	<size>
		<width>183</width>
		<height>275</height>
		<depth>3</depth>
	</size>
	<segmented>0</segmented>
	<object>
		<name>helmet</name>
		<pose>Unspecified</pose>
		<truncated>0</truncated>
		<difficult>0</difficult>
		<bndbox>
			<xmin>20</xmin>
			<ymin>49</ymin>
			<xmax>122</xmax>
			<ymax>144</ymax>
		</bndbox>
	</object>
	<object>
		<name>person with helmet</name>
		<pose>Unspecified</pose>
		<truncated>1</truncated>
		<difficult>0</difficult>
		<bndbox>
			<xmin>1</xmin>
			<ymin>50</ymin>
			<xmax>177</xmax>
			<ymax>272</ymax>
		</bndbox>
	</object>
</annotation>
