<annotation>
	<folder>dataset_images</folder>
	<filename>worker (547).jpg</filename>
	<path>D:\Workspace\YOLO_annotation\dataset_images\worker (547).jpg</path>
	<source>
		<database>Unknown</database>
	</source>
	<size>
		<width>276</width>
		<height>183</height>
		<depth>3</depth>
	</size>
	<segmented>0</segmented>
	<object>
		<name>helmet</name>
		<pose>Unspecified</pose>
		<truncated>0</truncated>
		<difficult>0</difficult>
		<bndbox>
			<xmin>40</xmin>
			<ymin>6</ymin>
			<xmax>105</xmax>
			<ymax>51</ymax>
		</bndbox>
	</object>
	<object>
		<name>person with helmet</name>
		<pose>Unspecified</pose>
		<truncated>0</truncated>
		<difficult>0</difficult>
		<bndbox>
			<xmin>32</xmin>
			<ymin>6</ymin>
			<xmax>145</xmax>
			<ymax>182</ymax>
		</bndbox>
	</object>
</annotation>
