<annotation>
	<folder>all_images_folder</folder>
	<filename>worker (786).jpg</filename>
	<path>C:\Users\nasir.shah\Desktop\all_images_folder\all_images_folder\worker (786).jpg</path>
	<source>
		<database>Unknown</database>
	</source>
	<size>
		<width>291</width>
		<height>173</height>
		<depth>3</depth>
	</size>
	<segmented>0</segmented>
	<object>
		<name>person with helmet</name>
		<pose>Unspecified</pose>
		<truncated>1</truncated>
		<difficult>0</difficult>
		<bndbox>
			<xmin>138</xmin>
			<ymin>1</ymin>
			<xmax>267</xmax>
			<ymax>160</ymax>
		</bndbox>
	</object>
	<object>
		<name>helmet</name>
		<pose>Unspecified</pose>
		<truncated>1</truncated>
		<difficult>0</difficult>
		<bndbox>
			<xmin>148</xmin>
			<ymin>1</ymin>
			<xmax>201</xmax>
			<ymax>45</ymax>
		</bndbox>
	</object>
</annotation>
