<annotation>
	<folder>dataset_images</folder>
	<filename>worker (555).jpg</filename>
	<path>D:\Workspace\YOLO_annotation\dataset_images\worker (555).jpg</path>
	<source>
		<database>Unknown</database>
	</source>
	<size>
		<width>275</width>
		<height>183</height>
		<depth>3</depth>
	</size>
	<segmented>0</segmented>
	<object>
		<name>helmet</name>
		<pose>Unspecified</pose>
		<truncated>0</truncated>
		<difficult>0</difficult>
		<bndbox>
			<xmin>125</xmin>
			<ymin>6</ymin>
			<xmax>203</xmax>
			<ymax>67</ymax>
		</bndbox>
	</object>
	<object>
		<name>person with helmet</name>
		<pose>Unspecified</pose>
		<truncated>0</truncated>
		<difficult>0</difficult>
		<bndbox>
			<xmin>82</xmin>
			<ymin>7</ymin>
			<xmax>244</xmax>
			<ymax>182</ymax>
		</bndbox>
	</object>
</annotation>
