<annotation>
	<folder>all_images_folder</folder>
	<filename>worker (201).jpg</filename>
	<path>D:\dataset\all_images_folder\worker (201).jpg</path>
	<source>
		<database>Unknown</database>
	</source>
	<size>
		<width>262</width>
		<height>192</height>
		<depth>3</depth>
	</size>
	<segmented>0</segmented>
	<object>
		<name>helmet</name>
		<pose>Unspecified</pose>
		<truncated>0</truncated>
		<difficult>0</difficult>
		<bndbox>
			<xmin>59</xmin>
			<ymin>17</ymin>
			<xmax>100</xmax>
			<ymax>38</ymax>
		</bndbox>
	</object>
	<object>
		<name>person with helmet</name>
		<pose>Unspecified</pose>
		<truncated>0</truncated>
		<difficult>0</difficult>
		<bndbox>
			<xmin>39</xmin>
			<ymin>16</ymin>
			<xmax>109</xmax>
			<ymax>172</ymax>
		</bndbox>
	</object>
</annotation>
