<annotation>
	<folder>all_images_folder</folder>
	<filename>worker (427).jpg</filename>
	<path>D:\dataset\all_images_folder\worker (427).jpg</path>
	<source>
		<database>Unknown</database>
	</source>
	<size>
		<width>264</width>
		<height>191</height>
		<depth>3</depth>
	</size>
	<segmented>0</segmented>
	<object>
		<name>helmet</name>
		<pose>Unspecified</pose>
		<truncated>0</truncated>
		<difficult>0</difficult>
		<bndbox>
			<xmin>143</xmin>
			<ymin>5</ymin>
			<xmax>186</xmax>
			<ymax>42</ymax>
		</bndbox>
	</object>
	<object>
		<name>person with helmet</name>
		<pose>Unspecified</pose>
		<truncated>0</truncated>
		<difficult>0</difficult>
		<bndbox>
			<xmin>118</xmin>
			<ymin>3</ymin>
			<xmax>241</xmax>
			<ymax>176</ymax>
		</bndbox>
	</object>
</annotation>
