<annotation>
	<folder>all_images_folder</folder>
	<filename>worker (83).jpg</filename>
	<path>D:\Workspace\YOLO_annotation\dataset_images\tagged\all_images_folder\worker (83).jpg</path>
	<source>
		<database>Unknown</database>
	</source>
	<size>
		<width>266</width>
		<height>190</height>
		<depth>3</depth>
	</size>
	<segmented>0</segmented>
	<object>
		<name>helmet</name>
		<pose>Unspecified</pose>
		<truncated>0</truncated>
		<difficult>0</difficult>
		<bndbox>
			<xmin>152</xmin>
			<ymin>23</ymin>
			<xmax>208</xmax>
			<ymax>73</ymax>
		</bndbox>
	</object>
	<object>
		<name>person with helmet</name>
		<pose>Unspecified</pose>
		<truncated>0</truncated>
		<difficult>0</difficult>
		<bndbox>
			<xmin>137</xmin>
			<ymin>23</ymin>
			<xmax>242</xmax>
			<ymax>178</ymax>
		</bndbox>
	</object>
</annotation>
