<annotation>
	<folder>dataset_images</folder>
	<filename>worker (226).jpg</filename>
	<path>D:\Workspace\YOLO_annotation\dataset_images\worker (226).jpg</path>
	<source>
		<database>Unknown</database>
	</source>
	<size>
		<width>274</width>
		<height>184</height>
		<depth>1</depth>
	</size>
	<segmented>0</segmented>
	<object>
		<name>helmet</name>
		<pose>Unspecified</pose>
		<truncated>0</truncated>
		<difficult>0</difficult>
		<bndbox>
			<xmin>116</xmin>
			<ymin>7</ymin>
			<xmax>151</xmax>
			<ymax>33</ymax>
		</bndbox>
	</object>
	<object>
		<name>person</name>
		<pose>Unspecified</pose>
		<truncated>0</truncated>
		<difficult>0</difficult>
		<bndbox>
			<xmin>102</xmin>
			<ymin>7</ymin>
			<xmax>181</xmax>
			<ymax>119</ymax>
		</bndbox>
	</object>
</annotation>
