<annotation>
	<folder>dataset_images</folder>
	<filename>worker (200).jpg</filename>
	<path>D:\Workspace\YOLO_annotation\dataset_images\worker (200).jpg</path>
	<source>
		<database>Unknown</database>
	</source>
	<size>
		<width>189</width>
		<height>267</height>
		<depth>3</depth>
	</size>
	<segmented>0</segmented>
	<object>
		<name>person</name>
		<pose>Unspecified</pose>
		<truncated>0</truncated>
		<difficult>0</difficult>
		<bndbox>
			<xmin>48</xmin>
			<ymin>57</ymin>
			<xmax>140</xmax>
			<ymax>251</ymax>
		</bndbox>
	</object>
</annotation>
