<annotation>
	<folder>train_image_folder</folder>
	<filename>worker (461).jpg</filename>
	<path>D:\Workspace\YOLO_annotation\dataset_images\tagged\train_image_folder\worker (461).jpg</path>
	<source>
		<database>Unknown</database>
	</source>
	<size>
		<width>300</width>
		<height>168</height>
		<depth>3</depth>
	</size>
	<segmented>0</segmented>
	<object>
		<name>helmet</name>
		<pose>Unspecified</pose>
		<truncated>1</truncated>
		<difficult>0</difficult>
		<bndbox>
			<xmin>139</xmin>
			<ymin>1</ymin>
			<xmax>258</xmax>
			<ymax>64</ymax>
		</bndbox>
	</object>
	<object>
		<name>person with helmet</name>
		<pose>Unspecified</pose>
		<truncated>1</truncated>
		<difficult>0</difficult>
		<bndbox>
			<xmin>139</xmin>
			<ymin>1</ymin>
			<xmax>300</xmax>
			<ymax>167</ymax>
		</bndbox>
	</object>
</annotation>
