<annotation>
	<folder>all_images_folder</folder>
	<filename>worker (185).jpg</filename>
	<path>D:\dataset\all_images_folder\worker (185).jpg</path>
	<source>
		<database>Unknown</database>
	</source>
	<size>
		<width>260</width>
		<height>194</height>
		<depth>3</depth>
	</size>
	<segmented>0</segmented>
	<object>
		<name>helmet</name>
		<pose>Unspecified</pose>
		<truncated>0</truncated>
		<difficult>0</difficult>
		<bndbox>
			<xmin>166</xmin>
			<ymin>11</ymin>
			<xmax>222</xmax>
			<ymax>47</ymax>
		</bndbox>
	</object>
	<object>
		<name>person with helmet</name>
		<pose>Unspecified</pose>
		<truncated>0</truncated>
		<difficult>0</difficult>
		<bndbox>
			<xmin>160</xmin>
			<ymin>10</ymin>
			<xmax>231</xmax>
			<ymax>177</ymax>
		</bndbox>
	</object>
</annotation>
