<annotation>
	<folder>all_images_folder</folder>
	<filename>worker (316).jpg</filename>
	<path>D:\dataset\all_images_folder\worker (316).jpg</path>
	<source>
		<database>Unknown</database>
	</source>
	<size>
		<width>265</width>
		<height>190</height>
		<depth>3</depth>
	</size>
	<segmented>0</segmented>
	<object>
		<name>helmet</name>
		<pose>Unspecified</pose>
		<truncated>0</truncated>
		<difficult>0</difficult>
		<bndbox>
			<xmin>90</xmin>
			<ymin>7</ymin>
			<xmax>162</xmax>
			<ymax>63</ymax>
		</bndbox>
	</object>
	<object>
		<name>person with helmet</name>
		<pose>Unspecified</pose>
		<truncated>0</truncated>
		<difficult>0</difficult>
		<bndbox>
			<xmin>74</xmin>
			<ymin>6</ymin>
			<xmax>212</xmax>
			<ymax>170</ymax>
		</bndbox>
	</object>
</annotation>
