<annotation>
	<folder>dataset_images</folder>
	<filename>worker (552).jpg</filename>
	<path>D:\Workspace\YOLO_annotation\dataset_images\worker (552).jpg</path>
	<source>
		<database>Unknown</database>
	</source>
	<size>
		<width>262</width>
		<height>192</height>
		<depth>3</depth>
	</size>
	<segmented>0</segmented>
	<object>
		<name>helmet</name>
		<pose>Unspecified</pose>
		<truncated>0</truncated>
		<difficult>0</difficult>
		<bndbox>
			<xmin>107</xmin>
			<ymin>21</ymin>
			<xmax>175</xmax>
			<ymax>70</ymax>
		</bndbox>
	</object>
	<object>
		<name>person with helmet</name>
		<pose>Unspecified</pose>
		<truncated>0</truncated>
		<difficult>0</difficult>
		<bndbox>
			<xmin>41</xmin>
			<ymin>21</ymin>
			<xmax>231</xmax>
			<ymax>191</ymax>
		</bndbox>
	</object>
</annotation>
