<annotation>
	<folder>all_images_folder</folder>
	<filename>worker (248).jpg</filename>
	<path>D:\dataset\all_images_folder\worker (248).jpg</path>
	<source>
		<database>Unknown</database>
	</source>
	<size>
		<width>262</width>
		<height>193</height>
		<depth>3</depth>
	</size>
	<segmented>0</segmented>
	<object>
		<name>helmet</name>
		<pose>Unspecified</pose>
		<truncated>1</truncated>
		<difficult>0</difficult>
		<bndbox>
			<xmin>104</xmin>
			<ymin>1</ymin>
			<xmax>176</xmax>
			<ymax>50</ymax>
		</bndbox>
	</object>
	<object>
		<name>person with helmet</name>
		<pose>Unspecified</pose>
		<truncated>1</truncated>
		<difficult>0</difficult>
		<bndbox>
			<xmin>101</xmin>
			<ymin>1</ymin>
			<xmax>227</xmax>
			<ymax>171</ymax>
		</bndbox>
	</object>
</annotation>
