<annotation>
	<folder>all_images_folder</folder>
	<filename>worker (295).jpg</filename>
	<path>D:\dataset\all_images_folder\worker (295).jpg</path>
	<source>
		<database>Unknown</database>
	</source>
	<size>
		<width>267</width>
		<height>189</height>
		<depth>3</depth>
	</size>
	<segmented>0</segmented>
	<object>
		<name>person with helmet</name>
		<pose>Unspecified</pose>
		<truncated>0</truncated>
		<difficult>0</difficult>
		<bndbox>
			<xmin>136</xmin>
			<ymin>10</ymin>
			<xmax>229</xmax>
			<ymax>185</ymax>
		</bndbox>
	</object>
	<object>
		<name>helmet</name>
		<pose>Unspecified</pose>
		<truncated>0</truncated>
		<difficult>0</difficult>
		<bndbox>
			<xmin>151</xmin>
			<ymin>10</ymin>
			<xmax>221</xmax>
			<ymax>52</ymax>
		</bndbox>
	</object>
</annotation>
