<annotation>
	<folder>dataset_images</folder>
	<filename>worker (585).jpg</filename>
	<path>D:\Workspace\YOLO_annotation\dataset_images\worker (585).jpg</path>
	<source>
		<database>Unknown</database>
	</source>
	<size>
		<width>252</width>
		<height>200</height>
		<depth>3</depth>
	</size>
	<segmented>0</segmented>
	<object>
		<name>helmet</name>
		<pose>Unspecified</pose>
		<truncated>0</truncated>
		<difficult>0</difficult>
		<bndbox>
			<xmin>34</xmin>
			<ymin>41</ymin>
			<xmax>63</xmax>
			<ymax>65</ymax>
		</bndbox>
	</object>
	<object>
		<name>person with helmet</name>
		<pose>Unspecified</pose>
		<truncated>0</truncated>
		<difficult>0</difficult>
		<bndbox>
			<xmin>12</xmin>
			<ymin>40</ymin>
			<xmax>79</xmax>
			<ymax>188</ymax>
		</bndbox>
	</object>
</annotation>
