<annotation>
	<folder>all_images_folder</folder>
	<filename>worker (680).jpg</filename>
	<path>C:\Users\nasir.shah\Desktop\all_images_folder\all_images_folder\worker (680).jpg</path>
	<source>
		<database>Unknown</database>
	</source>
	<size>
		<width>188</width>
		<height>268</height>
		<depth>3</depth>
	</size>
	<segmented>0</segmented>
	<object>
		<name>helmet</name>
		<pose>Unspecified</pose>
		<truncated>0</truncated>
		<difficult>0</difficult>
		<bndbox>
			<xmin>33</xmin>
			<ymin>33</ymin>
			<xmax>97</xmax>
			<ymax>82</ymax>
		</bndbox>
	</object>
	<object>
		<name>person with helmet</name>
		<pose>Unspecified</pose>
		<truncated>0</truncated>
		<difficult>0</difficult>
		<bndbox>
			<xmin>24</xmin>
			<ymin>34</ymin>
			<xmax>132</xmax>
			<ymax>249</ymax>
		</bndbox>
	</object>
</annotation>
