<annotation>
	<folder>all_images_folder</folder>
	<filename>worker (39).jpg</filename>
	<path>D:\dataset\all_images_folder\worker (39).jpg</path>
	<source>
		<database>Unknown</database>
	</source>
	<size>
		<width>177</width>
		<height>284</height>
		<depth>3</depth>
	</size>
	<segmented>0</segmented>
	<object>
		<name>helmet</name>
		<pose>Unspecified</pose>
		<truncated>0</truncated>
		<difficult>0</difficult>
		<bndbox>
			<xmin>73</xmin>
			<ymin>7</ymin>
			<xmax>138</xmax>
			<ymax>59</ymax>
		</bndbox>
	</object>
	<object>
		<name>person with helmet</name>
		<pose>Unspecified</pose>
		<truncated>0</truncated>
		<difficult>0</difficult>
		<bndbox>
			<xmin>54</xmin>
			<ymin>5</ymin>
			<xmax>160</xmax>
			<ymax>264</ymax>
		</bndbox>
	</object>
</annotation>
