<annotation>
	<folder>train_image_folder</folder>
	<filename>worker (455).jpg</filename>
	<path>D:\Workspace\YOLO_annotation\dataset_images\tagged\train_image_folder\worker (455).jpg</path>
	<source>
		<database>Unknown</database>
	</source>
	<size>
		<width>263</width>
		<height>192</height>
		<depth>3</depth>
	</size>
	<segmented>0</segmented>
	<object>
		<name>helmet</name>
		<pose>Unspecified</pose>
		<truncated>0</truncated>
		<difficult>0</difficult>
		<bndbox>
			<xmin>136</xmin>
			<ymin>14</ymin>
			<xmax>201</xmax>
			<ymax>50</ymax>
		</bndbox>
	</object>
	<object>
		<name>person with helmet</name>
		<pose>Unspecified</pose>
		<truncated>0</truncated>
		<difficult>0</difficult>
		<bndbox>
			<xmin>131</xmin>
			<ymin>14</ymin>
			<xmax>201</xmax>
			<ymax>176</ymax>
		</bndbox>
	</object>
</annotation>
