<annotation>
	<folder>dataset_images</folder>
	<filename>worker (566).jpg</filename>
	<path>D:\Workspace\YOLO_annotation\dataset_images\worker (566).jpg</path>
	<source>
		<database>Unknown</database>
	</source>
	<size>
		<width>231</width>
		<height>219</height>
		<depth>3</depth>
	</size>
	<segmented>0</segmented>
	<object>
		<name>helmet</name>
		<pose>Unspecified</pose>
		<truncated>0</truncated>
		<difficult>0</difficult>
		<bndbox>
			<xmin>60</xmin>
			<ymin>44</ymin>
			<xmax>124</xmax>
			<ymax>88</ymax>
		</bndbox>
	</object>
	<object>
		<name>helmet</name>
		<pose>Unspecified</pose>
		<truncated>0</truncated>
		<difficult>0</difficult>
		<bndbox>
			<xmin>172</xmin>
			<ymin>2</ymin>
			<xmax>205</xmax>
			<ymax>29</ymax>
		</bndbox>
	</object>
	<object>
		<name>person with helmet</name>
		<pose>Unspecified</pose>
		<truncated>0</truncated>
		<difficult>0</difficult>
		<bndbox>
			<xmin>60</xmin>
			<ymin>43</ymin>
			<xmax>152</xmax>
			<ymax>204</ymax>
		</bndbox>
	</object>
	<object>
		<name>person with helmet</name>
		<pose>Unspecified</pose>
		<truncated>0</truncated>
		<difficult>0</difficult>
		<bndbox>
			<xmin>157</xmin>
			<ymin>3</ymin>
			<xmax>205</xmax>
			<ymax>167</ymax>
		</bndbox>
	</object>
</annotation>
