<annotation>
	<folder>all_images_folder</folder>
	<filename>worker (419).jpg</filename>
	<path>D:\dataset\all_images_folder\worker (419).jpg</path>
	<source>
		<database>Unknown</database>
	</source>
	<size>
		<width>262</width>
		<height>192</height>
		<depth>3</depth>
	</size>
	<segmented>0</segmented>
	<object>
		<name>person with helmet</name>
		<pose>Unspecified</pose>
		<truncated>1</truncated>
		<difficult>0</difficult>
		<bndbox>
			<xmin>75</xmin>
			<ymin>24</ymin>
			<xmax>262</xmax>
			<ymax>173</ymax>
		</bndbox>
	</object>
	<object>
		<name>helmet</name>
		<pose>Unspecified</pose>
		<truncated>0</truncated>
		<difficult>0</difficult>
		<bndbox>
			<xmin>136</xmin>
			<ymin>24</ymin>
			<xmax>214</xmax>
			<ymax>74</ymax>
		</bndbox>
	</object>
</annotation>
