<annotation>
	<folder>all_images_folder</folder>
	<filename>worker (228).jpg</filename>
	<path>D:\dataset\all_images_folder\worker (228).jpg</path>
	<source>
		<database>Unknown</database>
	</source>
	<size>
		<width>275</width>
		<height>183</height>
		<depth>3</depth>
	</size>
	<segmented>0</segmented>
	<object>
		<name>helmet</name>
		<pose>Unspecified</pose>
		<truncated>0</truncated>
		<difficult>0</difficult>
		<bndbox>
			<xmin>151</xmin>
			<ymin>4</ymin>
			<xmax>197</xmax>
			<ymax>32</ymax>
		</bndbox>
	</object>
	<object>
		<name>person with helmet</name>
		<pose>Unspecified</pose>
		<truncated>1</truncated>
		<difficult>0</difficult>
		<bndbox>
			<xmin>143</xmin>
			<ymin>2</ymin>
			<xmax>214</xmax>
			<ymax>183</ymax>
		</bndbox>
	</object>
</annotation>
