<annotation>
	<folder>all_images_folder</folder>
	<filename>worker (718).jpg</filename>
	<path>C:\Users\nasir.shah\Desktop\all_images_folder\all_images_folder\worker (718).jpg</path>
	<source>
		<database>Unknown</database>
	</source>
	<size>
		<width>275</width>
		<height>183</height>
		<depth>3</depth>
	</size>
	<segmented>0</segmented>
	<object>
		<name>helmet</name>
		<pose>Unspecified</pose>
		<truncated>0</truncated>
		<difficult>0</difficult>
		<bndbox>
			<xmin>3</xmin>
			<ymin>72</ymin>
			<xmax>85</xmax>
			<ymax>136</ymax>
		</bndbox>
	</object>
	<object>
		<name>helmet</name>
		<pose>Unspecified</pose>
		<truncated>0</truncated>
		<difficult>0</difficult>
		<bndbox>
			<xmin>156</xmin>
			<ymin>40</ymin>
			<xmax>200</xmax>
			<ymax>67</ymax>
		</bndbox>
	</object>
	<object>
		<name>person with helmet</name>
		<pose>Unspecified</pose>
		<truncated>0</truncated>
		<difficult>0</difficult>
		<bndbox>
			<xmin>155</xmin>
			<ymin>42</ymin>
			<xmax>253</xmax>
			<ymax>157</ymax>
		</bndbox>
	</object>
	<object>
		<name>person with helmet</name>
		<pose>Unspecified</pose>
		<truncated>1</truncated>
		<difficult>0</difficult>
		<bndbox>
			<xmin>4</xmin>
			<ymin>76</ymin>
			<xmax>163</xmax>
			<ymax>183</ymax>
		</bndbox>
	</object>
</annotation>
