<annotation>
	<folder>all_images_folder</folder>
	<filename>worker (239).jpg</filename>
	<path>D:\dataset\all_images_folder\worker (239).jpg</path>
	<source>
		<database>Unknown</database>
	</source>
	<size>
		<width>275</width>
		<height>183</height>
		<depth>3</depth>
	</size>
	<segmented>0</segmented>
	<object>
		<name>person with helmet</name>
		<pose>Unspecified</pose>
		<truncated>0</truncated>
		<difficult>0</difficult>
		<bndbox>
			<xmin>115</xmin>
			<ymin>31</ymin>
			<xmax>167</xmax>
			<ymax>160</ymax>
		</bndbox>
	</object>
	<object>
		<name>helmet</name>
		<pose>Unspecified</pose>
		<truncated>0</truncated>
		<difficult>0</difficult>
		<bndbox>
			<xmin>127</xmin>
			<ymin>30</ymin>
			<xmax>144</xmax>
			<ymax>43</ymax>
		</bndbox>
	</object>
</annotation>
