<annotation>
	<folder>dataset_images</folder>
	<filename>worker (447).jpg</filename>
	<path>D:\Workspace\YOLO_annotation\dataset_images\worker (447).jpg</path>
	<source>
		<database>Unknown</database>
	</source>
	<size>
		<width>267</width>
		<height>189</height>
		<depth>3</depth>
	</size>
	<segmented>0</segmented>
	<object>
		<name>helmet</name>
		<pose>Unspecified</pose>
		<truncated>0</truncated>
		<difficult>0</difficult>
		<bndbox>
			<xmin>79</xmin>
			<ymin>32</ymin>
			<xmax>131</xmax>
			<ymax>64</ymax>
		</bndbox>
	</object>
	<object>
		<name>person</name>
		<pose>Unspecified</pose>
		<truncated>0</truncated>
		<difficult>0</difficult>
		<bndbox>
			<xmin>38</xmin>
			<ymin>31</ymin>
			<xmax>153</xmax>
			<ymax>176</ymax>
		</bndbox>
	</object>
</annotation>
